<?xml version="1.0" encoding="UTF-8"?>
<project-private xmlns="http://www.netbeans.org/ns/project-private/1">
    <editor-bookmarks xmlns="http://www.netbeans.org/ns/editor-bookmarks/2" lastBookmarkId="0"/>
    <open-files xmlns="http://www.netbeans.org/ns/projectui-open-files/2">
        <group>
            <file>file:/D:/OneDrive/Documents/Code/progtech/progtech/Labyrinth%20Adventure/src/game/HighScoreWindow.java</file>
            <file>file:/D:/OneDrive/Documents/Code/progtech/progtech/Labyrinth%20Adventure/src/game/HighScoreTableModel.java</file>
            <file>file:/D:/OneDrive/Documents/Code/progtech/progtech/Labyrinth%20Adventure/src/game/Cell.java</file>
            <file>file:/D:/OneDrive/Documents/Code/progtech/progtech/Labyrinth%20Adventure/src/persistence/Database.java</file>
            <file>file:/D:/OneDrive/Documents/Code/progtech/progtech/Labyrinth%20Adventure/src/game/Player.java</file>
            <file>file:/D:/OneDrive/Documents/Code/progtech/progtech/Labyrinth%20Adventure/src/game/LabyrinthBuilder.java</file>
            <file>file:/D:/OneDrive/Documents/Code/progtech/progtech/Labyrinth%20Adventure/src/persistence/HighScore.java</file>
            <file>file:/D:/OneDrive/Documents/Code/progtech/progtech/Labyrinth%20Adventure/src/game/ResourceLoader.java</file>
            <file>file:/D:/OneDrive/Documents/Code/progtech/progtech/Labyrinth%20Adventure/src/game/AdventureGUI.java</file>
            <file>file:/D:/OneDrive/Documents/Code/progtech/progtech/Labyrinth%20Adventure/src/persistence/ConnectionFactory.java</file>
            <file>file:/D:/OneDrive/Documents/Code/progtech/progtech/Labyrinth%20Adventure/src/game/Main.java</file>
            <file>file:/D:/OneDrive/Documents/Code/progtech/progtech/Labyrinth%20Adventure/src/game/Dragon.java</file>
            <file>file:/D:/OneDrive/Documents/Code/progtech/progtech/Labyrinth%20Adventure/src/game/Labyrinth.java</file>
        </group>
    </open-files>
</project-private>
